date,category,description,cost_usd
2037-02-12,structural,"Planned deck repair B1 section 2 (CI 57, 21 days)",344817
2040-02-12,structural,"Planned deck repair B1 section 1 (CI 52, 22 days)",384221
2040-02-12,structural,"Planned deck repair B1 section 3 (CI 46, 24 days)",436475
2040-10-18,incidents,B3 flooded (3 of 3 sump pumps working),133400
2042-02-11,structural,"Planned deck repair B1 section 4 (CI 55, 21 days)",363663
2042-02-11,structural,"Planned deck repair B3 section 3 (CI 52, 22 days)",388365
2044-02-11,structural,"Planned deck repair B2 section 3 (CI 44, 25 days)",456004
2045-02-10,structural,Plaza waterproofing membrane replaced,711360
2045-02-10,structural,"Planned deck repair B1 section 2 (CI 42, 26 days)",467681
2046-02-10,structural,"Planned deck repair B2 section 1 (CI 47, 24 days)",432361
