year,program,preventive,corrective,structural,energy,operations,incidents,lost_revenue,owner_total,owner_discounted,user_cost,availability,denied_cars,min_deck_ci,mean_deck_ci,lighting_avail,floods,emergency_repairs,planned_repairs,spall_incidents,dark_incidents,equipment_failures,vent_closure_days,ada_outage_days,sealer_jobs
2027,15000.0,26600.0,11615.0,0.0,11244.0565,72000.0,0.0,599.8851,137058.9416,131787.4438,9229.0019,1.0,769.0835,95.9335,97.7857,1.0,0,0,0,0,0,4,0,0,0
2028,27000.0,26600.0,16974.0,0.0,11250.6232,72000.0,0.0,694.7076,154519.3309,142861.8074,10687.8099,1.0,890.6508,93.3664,95.7261,0.9993,0,0,0,0,0,11,0,0,0
2029,27000.0,26600.0,8763.0,0.0,11261.7735,72000.0,0.0,794.8716,146419.6451,130166.5313,12228.7931,1.0,1019.0661,90.1005,93.5719,0.999,0,0,0,0,0,8,0,0,0
2030,27000.0,26600.0,22747.0,0.0,11260.9462,72000.0,0.0,912.1391,160520.0853,137213.2417,14032.9092,1.0,1169.4091,86.536,91.3136,0.9973,0,0,0,0,0,32,0,0,0
2031,27000.0,520808.0,22701.0,0.0,11267.6566,72000.0,0.0,1618.4261,655395.0827,538686.9841,24898.8636,0.9973,2074.9053,82.6448,88.942,0.9962,0,0,0,0,0,40,0,0,12
2032,27000.0,26600.0,43953.0,0.0,11256.7778,72000.0,0.0,2446.3273,183256.1052,144829.9618,37635.8052,0.9973,3136.3171,78.4229,86.4549,0.9937,0,0,0,0,0,51,0,0,0
2033,27000.0,64780.0,11477.0,0.0,11327.4895,72000.0,0.0,3150.7593,189735.2488,144183.1954,48473.2203,1.0,4039.435,73.8493,83.8576,0.9997,0,0,0,0,0,6,0,0,0
2034,27000.0,27860.0,15525.0,0.0,11335.2183,72000.0,0.0,4353.5868,158073.8051,115502.981,66978.2583,1.0,5581.5215,68.8767,81.1349,0.9987,0,0,0,0,0,17,0,0,0
2035,27000.0,27230.0,25162.0,0.0,11341.0064,72000.0,0.0,5681.2857,168414.2921,118325.6477,87404.3954,1.0,7283.6996,63.4658,78.2765,0.9972,0,0,0,0,0,25,0,0,0
2036,27000.0,524188.0,16537.0,0.0,11350.4469,72000.0,0.0,7169.9153,658245.3622,444686.981,110306.3894,0.9973,9192.1991,57.5432,75.267,0.9957,0,0,0,0,0,35,0,0,12
2037,27000.0,29750.0,25668.0,344817.1113,11359.4376,72000.0,0.0,9127.0522,519721.6011,337601.2418,140416.1885,0.9928,11701.349,56.8512,74.7758,0.9946,0,0,1,0,0,44,0,0,0
2038,27000.0,32690.0,18308.0,0.0,11384.4441,72000.0,0.0,9875.8829,171258.3271,106967.4458,151936.6604,1.0,12661.3884,52.8764,72.1646,0.9955,0,0,0,0,0,38,0,0,0
2039,27000.0,47370.0,15732.0,0.0,11434.6338,72000.0,0.0,11356.945,184893.5788,111042.2921,174722.2302,1.0,14560.1858,46.8076,68.8192,0.9987,0,0,0,0,0,17,0,0,0
2040,27000.0,28490.0,23345.0,820696.2689,11447.5724,72000.0,133400.0,15899.5444,1132278.3857,653862.5546,244608.3757,0.9852,20384.0313,46.1012,71.3855,0.9971,1,0,2,0,0,30,0,0,0
2041,27000.0,399376.0,23046.0,0.0,11473.939,72000.0,0.0,15190.2919,548086.2309,304332.8284,233696.7979,0.998,19474.7332,52.4314,68.2297,0.9972,0,0,0,0,0,31,0,0,9
2042,27000.0,73664.0,14306.0,752028.041,11488.9445,72000.0,0.0,19648.3634,970135.3489,517963.1943,302282.5134,0.9882,25190.2094,48.5402,70.2731,0.9965,0,0,2,0,0,33,0,0,1
2043,27000.0,33110.0,28129.0,0.0,11498.6417,72000.0,0.0,19824.7574,191562.3991,98343.0106,304996.267,1.0,25416.3556,44.5165,67.7688,0.9961,0,0,0,0,0,31,0,0,0
2044,27000.0,33110.0,14674.0,456004.0411,11513.0899,72000.0,0.0,23362.3669,637663.4978,314768.6343,359421.0287,0.9938,29951.7524,43.1565,67.2826,0.9966,0,0,1,0,0,34,0,0,0
2045,27000.0,122788.0,12489.0,1179041.2936,11536.2433,72000.0,0.0,26083.8449,1450938.3818,688676.9107,401289.921,0.9932,33440.8268,42.1692,68.1383,0.9979,0,0,1,0,0,24,0,0,2
2046,27000.0,236090.0,18837.0,432361.3839,11536.3374,72000.0,0.0,29387.4704,827212.1916,377528.846,452114.9295,0.9933,37676.2441,46.8914,69.4709,0.9963,0,0,1,0,0,26,0,0,5
